Run,ReleaseDate,LoadDate,spots,bases,spots_with_mates,avgLength,size_MB,AssemblyName,download_path,Experiment,LibraryName,LibraryStrategy,LibrarySelection,LibrarySource,LibraryLayout,InsertSize,InsertDev,Platform,Model,SRAStudy,BioProject,Study_Pubmed_id,ProjectID,Sample,BioSample,SampleType,TaxID,ScientificName,SampleName,g1k_pop_code,source,g1k_analysis_group,Subject_ID,Sex,Disease,Tumor,Affection_Status,Analyte_Type,Histological_Type,Body_Site,CenterName,Submission,dbgap_study_accession,Consent,RunHash,ReadHash
SRR960455,2014-11-20 16:12:08,2013-08-30 13:30:39,27426242,2742624200,0,100,1943,,https://sra-downloadb.be-md.ncbi.nlm.nih.gov/sos12/sra-pub-zq-1211/SRR000/960/SRR960455/SRR960455.sralite.1,SRX342247,,RNA-Seq,cDNA,TRANSCRIPTOMIC,SINGLE,0,0,ILLUMINA,Illumina HiSeq 2000,SRP029367,PRJNA217781,2,217781,SRS475153,SAMN02340011,simple,9606,Homo sapiens,GSM1220262,,,,,,,no,,,,,GEO,SRA099561,,public,726EE626FF371DDC89E9FEA89C7AA833,D52080B337CADBB0F4BD466CA1521DEA
SRR960456,2014-11-20 16:12:08,2013-08-30 13:29:47,25254091,2525409100,0,100,1785,,https://sra-downloadb.be-md.ncbi.nlm.nih.gov/sos12/sra-pub-zq-1211/SRR000/960/SRR960456/SRR960456.sralite.1,SRX342247,,RNA-Seq,cDNA,TRANSCRIPTOMIC,SINGLE,0,0,ILLUMINA,Illumina HiSeq 2000,SRP029367,PRJNA217781,2,217781,SRS475153,SAMN02340011,simple,9606,Homo sapiens,GSM1220262,,,,,,,no,,,,,GEO,SRA099561,,public,6E2DD91ED0ED3F9D7CD6FB069EBF7AFE,33DA8A7F9D6906978E0B92FE5EA1656C
SRR960457,2014-11-20 16:12:08,2013-08-30 13:38:05,16201883,1620188300,0,100,1149,,https://sra-downloadb.be-md.ncbi.nlm.nih.gov/sos12/sra-pub-zq-1211/SRR000/960/SRR960457/SRR960457.sralite.1,SRX342248,,RNA-Seq,cDNA,TRANSCRIPTOMIC,SINGLE,0,0,ILLUMINA,Illumina HiSeq 2000,SRP029367,PRJNA217781,2,217781,SRS475154,SAMN02340009,simple,9606,Homo sapiens,GSM1220263,,,,,,,no,,,,,GEO,SRA099561,,public,CBF3AF2B0252977A95FE96C98DD4BB6D,D871839CD9E980B77E063DA97DF60BF4
SRR960458,2014-11-20 16:12:08,2013-08-30 13:30:49,14913403,1491340300,0,100,1055,,https://sra-downloadb.be-md.ncbi.nlm.nih.gov/sos12/sra-pub-zq-1211/SRR000/960/SRR960458/SRR960458.sralite.1,SRX342248,,RNA-Seq,cDNA,TRANSCRIPTOMIC,SINGLE,0,0,ILLUMINA,Illumina HiSeq 2000,SRP029367,PRJNA217781,2,217781,SRS475154,SAMN02340009,simple,9606,Homo sapiens,GSM1220263,,,,,,,no,,,,,GEO,SRA099561,,public,3E60220E5EFE7C544E64E0B4ACC8C1FE,10FCA80C3EAC3E9833F9E277AC82F444
SRR960459,2014-11-20 16:12:08,2013-08-30 13:32:29,20821112,2082111200,0,100,1477,,https://sra-downloadb.be-md.ncbi.nlm.nih.gov/sos12/sra-pub-zq-1211/SRR000/960/SRR960459/SRR960459.sralite.1,SRX342249,,RNA-Seq,cDNA,TRANSCRIPTOMIC,SINGLE,0,0,ILLUMINA,Illumina HiSeq 2000,SRP029367,PRJNA217781,2,217781,SRS475156,SAMN02340010,simple,9606,Homo sapiens,GSM1220264,,,,,,,no,,,,,GEO,SRA099561,,public,CEA12E42145BE9627E67984BCA7B3B79,3D31774DCE82604AC2FBD047B27D385B
SRR960460,2014-11-20 16:12:08,2013-08-30 13:28:24,19150729,1915072900,0,100,1356,,https://sra-downloadb.be-md.ncbi.nlm.nih.gov/sos12/sra-pub-zq-1211/SRR000/960/SRR960460/SRR960460.sralite.1,SRX342249,,RNA-Seq,cDNA,TRANSCRIPTOMIC,SINGLE,0,0,ILLUMINA,Illumina HiSeq 2000,SRP029367,PRJNA217781,2,217781,SRS475156,SAMN02340010,simple,9606,Homo sapiens,GSM1220264,,,,,,,no,,,,,GEO,SRA099561,,public,EF27EA9985F7DC36321B04D4527542E4,83D122D4B43E58CF62A2E35D779BAF2B
SRR960461,2014-11-20 16:12:08,2013-08-30 13:32:07,19322414,1932241400,0,100,1371,,https://sra-downloadb.be-md.ncbi.nlm.nih.gov/sos12/sra-pub-zq-1211/SRR000/960/SRR960461/SRR960461.sralite.1,SRX342250,,RNA-Seq,cDNA,TRANSCRIPTOMIC,SINGLE,0,0,ILLUMINA,Illumina HiSeq 2000,SRP029367,PRJNA217781,2,217781,SRS475155,SAMN02340016,simple,9606,Homo sapiens,GSM1220265,,,,,,,no,,,,,GEO,SRA099561,,public,787BAFA6A98C51E6A09C079906DC9AFC,97C0B1DE0B8DCFBEE34E2F7DAA132A21
SRR960462,2014-11-20 16:12:08,2013-08-30 13:30:11,17779670,1777967000,0,100,1259,,https://sra-downloadb.be-md.ncbi.nlm.nih.gov/sos12/sra-pub-zq-1211/SRR000/960/SRR960462/SRR960462.sralite.1,SRX342250,,RNA-Seq,cDNA,TRANSCRIPTOMIC,SINGLE,0,0,ILLUMINA,Illumina HiSeq 2000,SRP029367,PRJNA217781,2,217781,SRS475155,SAMN02340016,simple,9606,Homo sapiens,GSM1220265,,,,,,,no,,,,,GEO,SRA099561,,public,B01A8A21B44685CE44717AEA72E8B00F,6E949685698FAEE9225A19BF89A0EA86
SRR960463,2014-11-20 16:12:08,2013-08-30 13:26:40,10987894,1098789400,0,100,778,,https://sra-downloadb.be-md.ncbi.nlm.nih.gov/sos12/sra-pub-zq-1211/SRR000/960/SRR960463/SRR960463.sralite.1,SRX342251,,RNA-Seq,cDNA,TRANSCRIPTOMIC,SINGLE,0,0,ILLUMINA,Illumina HiSeq 2000,SRP029367,PRJNA217781,2,217781,SRS475157,SAMN02340013,simple,9606,Homo sapiens,GSM1220266,,,,,,,no,,,,,GEO,SRA099561,,public,8338245C466FF49D8EDE55A0C7FA0217,09B9A2B50C053603B0B91B221911353D
SRR960464,2014-11-20 16:12:08,2013-08-30 13:27:30,10216633,1021663300,0,100,721,,https://sra-downloadb.be-md.ncbi.nlm.nih.gov/sos12/sra-pub-zq-1211/SRR000/960/SRR960464/SRR960464.sralite.1,SRX342251,,RNA-Seq,cDNA,TRANSCRIPTOMIC,SINGLE,0,0,ILLUMINA,Illumina HiSeq 2000,SRP029367,PRJNA217781,2,217781,SRS475157,SAMN02340013,simple,9606,Homo sapiens,GSM1220266,,,,,,,no,,,,,GEO,SRA099561,,public,1C047075532CBC148F8B84592764D758,D27405062FD889D2C9CE3967820E00CB
SRR960465,2014-11-20 16:12:08,2013-08-30 13:26:52,18768962,1876896200,0,100,1331,,https://sra-downloadb.be-md.ncbi.nlm.nih.gov/sos12/sra-pub-zq-1211/SRR000/960/SRR960465/SRR960465.sralite.1,SRX342252,,RNA-Seq,cDNA,TRANSCRIPTOMIC,SINGLE,0,0,ILLUMINA,Illumina HiSeq 2000,SRP029367,PRJNA217781,2,217781,SRS475158,SAMN02340014,simple,9606,Homo sapiens,GSM1220267,,,,,,,no,,,,,GEO,SRA099561,,public,E2CAB027E1D1B220FC38E884101595AE,604D1781C7051E37C9D3F4976B17E6FC
SRR960466,2014-11-20 16:12:08,2013-08-30 13:26:31,17301623,1730162300,0,100,1224,,https://sra-downloadb.be-md.ncbi.nlm.nih.gov/sos12/sra-pub-zq-1211/SRR000/960/SRR960466/SRR960466.sralite.1,SRX342252,,RNA-Seq,cDNA,TRANSCRIPTOMIC,SINGLE,0,0,ILLUMINA,Illumina HiSeq 2000,SRP029367,PRJNA217781,2,217781,SRS475158,SAMN02340014,simple,9606,Homo sapiens,GSM1220267,,,,,,,no,,,,,GEO,SRA099561,,public,480D9471FF264C89ED94730C94A8A84E,15DB64FFB3308ABC902685A6BF2D8CC3
SRR960467,2014-11-20 16:12:08,2013-08-30 13:24:57,16072353,1607235300,0,100,1141,,https://sra-downloadb.be-md.ncbi.nlm.nih.gov/sos12/sra-pub-zq-1211/SRR000/960/SRR960467/SRR960467.sralite.1,SRX342253,,RNA-Seq,cDNA,TRANSCRIPTOMIC,SINGLE,0,0,ILLUMINA,Illumina HiSeq 2000,SRP029367,PRJNA217781,2,217781,SRS475160,SAMN02340012,simple,9606,Homo sapiens,GSM1220268,,,,,,,no,,,,,GEO,SRA099561,,public,AA96F9F90C7AC49D6D86961C2CEBD85F,5F9FF7DB9C4C1D9E0E36CD3BC95F7A85
SRR960468,2014-11-20 16:12:08,2013-08-30 13:26:19,14770275,1477027500,0,100,1046,,https://sra-downloadb.be-md.ncbi.nlm.nih.gov/sos12/sra-pub-zq-1211/SRR000/960/SRR960468/SRR960468.sralite.1,SRX342253,,RNA-Seq,cDNA,TRANSCRIPTOMIC,SINGLE,0,0,ILLUMINA,Illumina HiSeq 2000,SRP029367,PRJNA217781,2,217781,SRS475160,SAMN02340012,simple,9606,Homo sapiens,GSM1220268,,,,,,,no,,,,,GEO,SRA099561,,public,379CF7ECC76D343C8566A3A8F1C40948,3C8820941C0A6D6289B20A17EFBC825B
SRR960469,2014-11-20 16:12:08,2013-08-30 13:25:48,12403621,1240362100,0,100,879,,https://sra-downloadb.be-md.ncbi.nlm.nih.gov/sos12/sra-pub-zq-1211/SRR000/960/SRR960469/SRR960469.sralite.1,SRX342254,,RNA-Seq,cDNA,TRANSCRIPTOMIC,SINGLE,0,0,ILLUMINA,Illumina HiSeq 2000,SRP029367,PRJNA217781,2,217781,SRS475159,SAMN02340015,simple,9606,Homo sapiens,GSM1220269,,,,,,,no,,,,,GEO,SRA099561,,public,F9501E1F3BA836B3E41C37E2A4E8F92F,46ED82C79C809CC885CA4EC893CE3847
SRR960470,2014-11-20 16:12:08,2013-08-30 13:24:34,11514151,1151415100,0,100,815,,https://sra-downloadb.be-md.ncbi.nlm.nih.gov/sos12/sra-pub-zq-1211/SRR000/960/SRR960470/SRR960470.sralite.1,SRX342254,,RNA-Seq,cDNA,TRANSCRIPTOMIC,SINGLE,0,0,ILLUMINA,Illumina HiSeq 2000,SRP029367,PRJNA217781,2,217781,SRS475159,SAMN02340015,simple,9606,Homo sapiens,GSM1220269,,,,,,,no,,,,,GEO,SRA099561,,public,46384CD7AB5ED1CBAE9F9D716850C213,B050348E9B8D782A1D7CB91AA96FE590
